data,nome,nicho,cidade,canal,contato,status,valor_proposto,ultimo_contato,proximo_passo,observacoes
2026-09-26,Dra Vanessa Melo - Estética Uberlândia,clínica de estética,"Uberlândia, MG",telefone,(34) 99877-3639,enviado,997,2026-09-27,mandar DM/WhatsApp,Lead do Google Places. Site: nenhum
2026-09-26,"CLÍNICA DE ESTÉTICA FLORESÇA | Facial, Corporal, Depilação a LED, Emagrecimento e Harmonização de Glúteos | Uberlândia",clínica de estética,"Uberlândia, MG",instagram,@florescaestetica,novo,,,mandar DM no Instagram,Site ruim: https://linktr.ee/florescaestetica
2026-09-26,Clínica de Estética Uberlândia - Laura Estética,clínica de estética,"Uberlândia, MG",telefone,(34) 99151-3985,enviado,,2026-09-27,mandar DM/WhatsApp,Site ruim: https://linktreelaura-wine.vercel.app/
2026-09-26,Dentista Uberlandia Dra Adriana Lima- UMC,dentista,"Uberlândia, MG",telefone,,novo,997,,mandar DM/WhatsApp,Lead do Google Places. Site: nenhum
2026-09-26,Dra. Millena Viriato | Cirurgiã-Dentista - Uberlândia-MG,dentista,"Uberlândia, MG",telefone,(34) 99205-7449,enviado,997,2026-09-27,mandar DM/WhatsApp,Lead do Google Places. Site: nenhum
2026-09-26,Dra. Luana Cecília- Dentista Uberlândia,dentista,"Uberlândia, MG",telefone,(34) 98408-1724,enviado,,2026-09-27,mandar DM/WhatsApp,Site ruim: https://www.instagram.com/dra.luana.cecilia/
2026-09-26,Vieira Diniz Odontologia,dentista,"Uberlândia, MG",telefone,(34) 99802-1914,enviado,,2026-09-27,mandar DM/WhatsApp,Site ruim: https://instagram.com/lorenavieirar?igshid=MjEwN2IyYWYwYw==
2026-09-26,Lucas Barbearia,barbearia,"Uberlândia, MG",telefone,(34) 99188-3545,enviado,997,2026-09-27,mandar WhatsApp,Lead do Google Places. Site: nenhum
2026-09-27,Clínica Sou Estética - Dra. Rayane Oliveira - Uberlândia,clínica de estética,"Uberlândia, MG",telefone,(34) 99635-6774,enviado,,2026-09-27,mandar WhatsApp,Site ruim: https://www.instagram.com/dra.rayaneolliveira?igsh=a2JkMWxoZWI3bnNi
2026-09-27,Dentistas Roosevelt,dentista,"Uberlândia, MG",telefone,(34) 99300-4441,enviado,,2026-09-27,mandar WhatsApp,Lead Google Places. Site: nenhum
2026-09-27,Consultório Odontológico Constelação 24H,dentista,"Uberlândia, MG",telefone,(34) 98433-2490,enviado,,2026-09-27,mandar WhatsApp,Lead Google Places. Site: nenhum
2026-09-27,Primer Odontocenter,dentista,"Uberlândia, MG",telefone,(34) 99778-7506,enviado,,2026-09-27,mandar WhatsApp,Lead Google Places. Site: https://wa.me/5534997787506
2026-09-27,Clínica Gathi Odontologia,dentista,"Uberlândia, MG",telefone,(34) 99888-6666,enviado,,2026-09-27,mandar WhatsApp,Lead Google Places. Site: https://www.facebook.com/gathiodonto
2026-09-27,Clínica de Estética Face e Corpo Harmonização Facial e Botox,clínica de estética,"Uberlândia, MG",telefone,(34) 99881-3815,enviado,,2026-09-27,mandar WhatsApp,Lead Google Places. Site: nenhum
2026-09-27,Barbearia Piauí,barbearia,"Uberlândia, MG",telefone,(34) 99698-8184,enviado,,2026-09-27,mandar WhatsApp,Lead Google Places. Site: https://wa.me/5534996988184?text=Ol%C3%A1%20Tudo%20Bem%20??Gostaria%20De%20Agendar%20Um%20Hor%C3%A1rio%20Na%20Nossa%20Barbearia???
2026-09-27,Brooklyn Barber Club,barbearia,"Uberlândia, MG",telefone,(34) 98443-3904,enviado,,2026-09-27,mandar WhatsApp,Lead Google Places. Site: https://linktr.ee/brooklynbarberclubb
2026-09-27,Marco Barbearia Vinhedos - Visagismo Masculino,barbearia,"Uberlândia, MG",telefone,(34) 99337-0707,enviado,,2026-09-27,mandar WhatsApp,Lead Google Places. Site: nenhum
2026-09-27,Salão de Beleza Nilma Gonzaga,salão de beleza,"Uberlândia, MG",telefone,(34) 99965-3572,enviado,,2026-09-27,mandar WhatsApp,Lead Google Places. Site: https://www.instagram.com/espaconilmagonzaga/
2026-09-27,Evidence Cabelo e Pele,salão de beleza,"Uberlândia, MG",telefone,(34) 99646-6468,enviado,,2026-09-27,mandar WhatsApp,Lead Google Places. Site: https://www.instagram.com/oficialevidence/
2026-09-27,STUDIO FANINI – Salão de Beleza Loiros e Mechas em Uberlândia,salão de beleza,"Uberlândia, MG",telefone,(34) 99134-5424,enviado,,2026-09-27,mandar WhatsApp,Lead Google Places. Site: https://instagram.com/studiofanini?igshid=MzRlODBiNWFlZA==
2026-09-27,Total Beauty Oficial Salão de Beleza em Uberlândia - MG,salão de beleza,"Uberlândia, MG",telefone,(34) 99887-6017,enviado,,2026-09-27,mandar WhatsApp,Lead Google Places. Site: https://www.instagram.com/totalbeauty_oficial/
2026-09-27,Donna | salão de beleza,salão de beleza,"Uberlândia, MG",telefone,(34) 3224-2322,novo,,,mandar WhatsApp,Lead Google Places. Site: nenhum
2026-09-27,Elahvie Beauty & SPA,salão de beleza,"Uberlândia, MG",telefone,(34) 98832-9281,enviado,,2026-09-27,mandar WhatsApp,Lead Google Places. Site: https://www.instagram.com/elahviebeautyspa/
2026-09-27,Salão de Beleza Kadu Vieira Hair Studio,salão de beleza,"Uberlândia, MG",telefone,(34) 3224-6272,enviado,,2026-09-27,mandar WhatsApp,Lead Google Places. Site: https://www.facebook.com/kaduvieirahairstudio?ref=hl
2026-09-27,Espaço Ozzy,salão de beleza,"Uberlândia, MG",telefone,(34) 99141-0101,novo,,,mandar WhatsApp,Lead Google Places. Site: nenhum
2026-09-27,Salão Stúdio 65,salão de beleza,"Uberlândia, MG",telefone,(34) 99199-1188,novo,,,mandar WhatsApp,Lead Google Places. Site: https://www.instagram.com/salaostudio65/
2026-09-27,Liv Beauty - Salão de Beleza,salão de beleza,"Uberlândia, MG",telefone,(34) 99680-1710,novo,,,mandar WhatsApp,Lead Google Places. Site: nenhum
2026-09-27,ESPAÇO HAIR 307,salão de beleza,"Uberlândia, MG",telefone,(34) 3237-5911,novo,,,mandar WhatsApp,Lead Google Places. Site: https://www.facebook.com/espacoboletti.cabeleireiros?fref=ts
2026-09-27,VAN.YOU / Uberlândia - Salão de Beleza,salão de beleza,"Uberlândia, MG",telefone,(34) 99666-5917,novo,,,mandar WhatsApp,Lead Google Places. Site: nenhum
2026-09-27,Dra. Fabiane Peres - Harmonização Facial em Uberlândia,clínica de estética,"Uberlândia, MG",telefone,(34) 99165-1095,novo,,,mandar WhatsApp,Lead Google Places. Site: nenhum
2026-09-27,Dra Vanessa Borges,clínica de estética,"Uberlândia, MG",telefone,(34) 99320-4758,novo,,,mandar WhatsApp,Lead Google Places. Site: nenhum
2026-09-27,GM Clinic Dra. Gláucia Milhomem,clínica de estética,"Uberlândia, MG",telefone,(34) 98431-1515,novo,,,mandar WhatsApp,Lead Google Places. Site: https://www.instagram.com/draglauciamilhomem?igsh=enoycnpseGhxMzdq
2026-09-27,"Dra. Francielle Silveira- Harmonização facial, preenchimento com ácido hialurônico, botox e estética em Uberlândia",clínica de estética,"Uberlândia, MG",telefone,(32) 98494-1628,novo,,,mandar WhatsApp,Lead Google Places. Site: nenhum
2026-09-28,Wissam Barber,barbearia,"Uberlândia, MG",telefone,(34) 3231-9000,novo,,,mandar WhatsApp,Site ruim: https://www.instagram.com/wissambarber.udi/
